# Wavelength, Reflectances
397.000000 0.000000 0.000000 0.000000 0.000000 0.000000 0.000000 0.000000 0.000000 0.000000 0.041368 0.000000 0.000000 0.000000 0.000000 0.000000 0.000000 0.000000 0.000000 0.000000 0.000000 0.000000 0.000000 0.000000 0.091204 0.000000 0.000000 0.000000 0.000000 0.302004 0.076042 0.150251 0.195519 0.324111 0.098304 0.117500
400.000000 0.031648 0.039870 0.034235 0.035598 0.042957 0.055453 0.033670 0.028249 0.040822 0.041295 0.027618 0.050477 0.034736 0.029978 0.067574 0.056638 0.051648 0.044637 0.048771 0.078896 0.049284 0.043840 0.058919 0.091527 0.050317 0.088989 0.099955 0.069434 0.302737 0.085025 0.162190 0.204443 0.331305 0.099336 0.117300
403.000000 0.030483 0.045933 0.034582 0.036811 0.047034 0.050784 0.035825 0.028509 0.039658 0.041357 0.030145 0.046444 0.032620 0.032013 0.066591 0.063180 0.054004 0.046069 0.055384 0.083892 0.052576 0.047994 0.059334 0.092211 0.051389 0.088822 0.096872 0.072693 0.307721 0.089836 0.165509 0.203497 0.327828 0.100187 0.117100
406.000000 0.030255 0.049405 0.035031 0.037711 0.049143 0.047382 0.036547 0.029267 0.039200 0.041482 0.031761 0.043761 0.031876 0.033523 0.065861 0.067048 0.055913 0.048214 0.059717 0.089512 0.055079 0.051705 0.060032 0.093038 0.052541 0.088536 0.095828 0.075595 0.308532 0.095585 0.174025 0.205834 0.328838 0.101056 0.116500
409.000000 0.032855 0.048332 0.035277 0.038835 0.048814 0.044963 0.035470 0.030786 0.038905 0.041582 0.032265 0.042070 0.032912 0.034334 0.065845 0.066179 0.057621 0.051617 0.060768 0.096485 0.056476 0.054659 0.061108 0.093996 0.054125 0.087183 0.097058 0.077722 0.311415 0.103971 0.181022 0.208252 0.330583 0.102228 0.115500
412.000000 0.032978 0.047604 0.035812 0.039486 0.046917 0.045477 0.033099 0.032579 0.040107 0.041728 0.032226 0.042779 0.034615 0.034136 0.066062 0.065179 0.057867 0.054908 0.061259 0.103299 0.057010 0.057526 0.061591 0.094971 0.055278 0.086972 0.099184 0.078953 0.313184 0.110717 0.188899 0.210948 0.331423 0.103387 0.114900
415.000000 0.032234 0.049814 0.036826 0.040361 0.047415 0.044625 0.033497 0.032482 0.039808 0.042015 0.031137 0.042920 0.035229 0.036745 0.066275 0.067793 0.057866 0.057284 0.064693 0.110646 0.060278 0.059205 0.061064 0.096059 0.056635 0.088256 0.100474 0.081940 0.314833 0.120297 0.195730 0.212801 0.332429 0.104576 0.114400
418.000000 0.032633 0.050805 0.037019 0.041682 0.048825 0.044955 0.035841 0.033261 0.039546 0.042398 0.033988 0.043360 0.036134 0.038379 0.068285 0.069113 0.059791 0.060546 0.069819 0.118508 0.064402 0.062441 0.061206 0.097173 0.059698 0.088516 0.100448 0.082078 0.314416 0.129376 0.203105 0.213393 0.332186 0.105858 0.113900
420.000000 0.033466 0.051308 0.036967 0.041954 0.050015 0.044995 0.036946 0.034306 0.039643 0.042631 0.036415 0.043765 0.037840 0.037939 0.069244 0.069814 0.060844 0.063505 0.073668 0.123756 0.066599 0.064395 0.061645 0.097889 0.061753 0.088984 0.101320 0.082246 0.315561 0.134806 0.207386 0.215510 0.331457 0.106775 0.113600
423.000000 0.033710 0.051102 0.037615 0.040793 0.051146 0.045212 0.037372 0.035898 0.040456 0.042907 0.037275 0.044883 0.040097 0.038590 0.068898 0.070296 0.062374 0.066298 0.077209 0.130948 0.069241 0.068182 0.063674 0.098848 0.062083 0.090162 0.103127 0.084211 0.317048 0.142370 0.212472 0.217579 0.332704 0.108175 0.112900
426.000000 0.033419 0.051248 0.039060 0.040685 0.051783 0.045612 0.036723 0.036339 0.039863 0.043106 0.036824 0.044520 0.041245 0.038214 0.068325 0.069529 0.062999 0.067496 0.079517 0.137042 0.070709 0.069585 0.063920 0.099558 0.061732 0.089789 0.103159 0.084424 0.318005 0.150223 0.220218 0.219627 0.331135 0.109701 0.112400
429.000000 0.034172 0.051624 0.041273 0.040912 0.051029 0.045384 0.035717 0.037043 0.039531 0.043182 0.037406 0.043366 0.043452 0.038926 0.068573 0.069167 0.064351 0.068926 0.080624 0.142878 0.072538 0.069949 0.063541 0.100051 0.062806 0.089377 0.104884 0.084203 0.318714 0.157226 0.227258 0.221857 0.333151 0.111361 0.111900
432.000000 0.034967 0.052200 0.040979 0.041974 0.050815 0.045340 0.035278 0.036454 0.039114 0.043299 0.038393 0.042946 0.044651 0.037793 0.068381 0.069868 0.064656 0.072068 0.081808 0.147552 0.073804 0.070255 0.062720 0.100408 0.063837 0.088390 0.106005 0.082247 0.319470 0.165483 0.235807 0.223811 0.334714 0.113132 0.111300
435.000000 0.033970 0.053064 0.040254 0.041285 0.050988 0.045460 0.035370 0.037108 0.039649 0.043413 0.037033 0.043289 0.044822 0.037781 0.067243 0.071208 0.063715 0.073500 0.083878 0.151667 0.075116 0.071876 0.062373 0.100749 0.063238 0.088600 0.106261 0.082474 0.320247 0.173280 0.242129 0.225427 0.337439 0.114862 0.110700
438.000000 0.033531 0.054149 0.039801 0.040519 0.051430 0.046920 0.035621 0.038374 0.040217 0.043530 0.036700 0.044406 0.045386 0.038660 0.067266 0.071997 0.062694 0.074330 0.085815 0.156457 0.076819 0.074322 0.062980 0.101096 0.063279 0.089572 0.105575 0.083301 0.321083 0.180332 0.249266 0.228461 0.340684 0.116683 0.110100
441.000000 0.033743 0.053728 0.039930 0.040619 0.052478 0.047013 0.036331 0.039482 0.040762 0.043655 0.036736 0.044568 0.045665 0.039723 0.068225 0.072404 0.063331 0.075649 0.089067 0.160101 0.079187 0.076785 0.064132 0.101544 0.064140 0.090528 0.105277 0.084485 0.321551 0.187786 0.254682 0.229482 0.344051 0.118404 0.109500
444.000000 0.034531 0.053376 0.039964 0.041617 0.053364 0.047323 0.037055 0.039477 0.040284 0.043844 0.037750 0.044733 0.046780 0.040318 0.069603 0.072946 0.064431 0.077963 0.091985 0.164296 0.081578 0.078632 0.064707 0.102197 0.065718 0.090812 0.106765 0.085306 0.323601 0.195798 0.262337 0.232006 0.348256 0.120041 0.109000
446.000000 0.035307 0.053202 0.039711 0.042305 0.053693 0.047490 0.037392 0.039797 0.040393 0.044005 0.038231 0.044392 0.046442 0.040656 0.070358 0.072735 0.064795 0.080031 0.093436 0.166832 0.082721 0.080054 0.065497 0.102736 0.066974 0.091030 0.107800 0.085797 0.323163 0.200623 0.267192 0.233952 0.351191 0.121105 0.108600
449.000000 0.035110 0.053701 0.040175 0.042141 0.053543 0.047404 0.037342 0.040072 0.041038 0.044270 0.037792 0.043351 0.047450 0.039945 0.070469 0.073537 0.065267 0.082059 0.094941 0.170220 0.084276 0.081804 0.066709 0.103666 0.067811 0.090966 0.110423 0.086382 0.324491 0.208616 0.272988 0.235277 0.357041 0.122542 0.108100
452.000000 0.033683 0.053925 0.040188 0.042421 0.053688 0.047777 0.037578 0.040387 0.042169 0.044511 0.038371 0.043433 0.048108 0.039537 0.069720 0.074407 0.065845 0.083487 0.096699 0.173729 0.086154 0.083058 0.069078 0.104518 0.069381 0.092384 0.112167 0.086859 0.325631 0.215793 0.280985 0.238451 0.363665 0.123839 0.107600
455.000000 0.033690 0.053276 0.040986 0.042885 0.054480 0.047569 0.038591 0.040256 0.041499 0.044692 0.039130 0.043276 0.048425 0.039237 0.070919 0.075135 0.067227 0.084910 0.099380 0.176373 0.088265 0.084043 0.069659 0.105107 0.070754 0.093085 0.113130 0.087489 0.326151 0.223647 0.287242 0.241165 0.368735 0.124954 0.107100
458.000000 0.034064 0.053507 0.041023 0.042860 0.054677 0.047907 0.039005 0.040660 0.040870 0.044783 0.039562 0.043841 0.048520 0.039075 0.071234 0.075747 0.067955 0.086043 0.100948 0.178634 0.089398 0.085150 0.069514 0.105342 0.071819 0.092822 0.113935 0.087914 0.327398 0.230437 0.294063 0.242517 0.376212 0.125991 0.106700
461.000000 0.035058 0.053434 0.040682 0.043148 0.054662 0.048266 0.038975 0.041117 0.040496 0.044791 0.039152 0.043695 0.048331 0.039214 0.071706 0.075180 0.067704 0.087343 0.101506 0.179998 0.089793 0.085554 0.069097 0.105258 0.071638 0.092722 0.113964 0.087801 0.329094 0.236570 0.300276 0.245087 0.384638 0.126880 0.106300
464.000000 0.034987 0.053692 0.040408 0.043207 0.054873 0.048207 0.039084 0.041237 0.040508 0.044713 0.038138 0.043500 0.048123 0.039287 0.071320 0.075468 0.067318 0.087651 0.101963 0.181235 0.090216 0.085523 0.069101 0.104964 0.070736 0.092232 0.113521 0.087729 0.330745 0.242301 0.304900 0.247201 0.392578 0.127734 0.105900
467.000000 0.034335 0.053904 0.040845 0.042980 0.055382 0.047813 0.039134 0.041532 0.041070 0.044605 0.037637 0.042915 0.048303 0.039996 0.070743 0.075538 0.067421 0.087489 0.102601 0.181601 0.090437 0.085663 0.069534 0.104573 0.069853 0.091738 0.113847 0.088310 0.330332 0.248805 0.309633 0.248801 0.401251 0.128550 0.105600
470.000000 0.034206 0.053994 0.041183 0.042808 0.055413 0.047722 0.038849 0.041321 0.041100 0.044503 0.038347 0.043181 0.048487 0.040774 0.070952 0.075742 0.067623 0.087451 0.102850 0.182365 0.090398 0.086178 0.069675 0.104227 0.069934 0.091820 0.114413 0.089102 0.333037 0.254972 0.315953 0.251048 0.411076 0.129318 0.105300
473.000000 0.033981 0.054207 0.040924 0.042963 0.055288 0.048039 0.038973 0.041160 0.041277 0.044441 0.039078 0.043336 0.048143 0.040915 0.070941 0.076168 0.067479 0.087999 0.103219 0.183155 0.090492 0.086280 0.070140 0.104009 0.070272 0.092461 0.114379 0.089194 0.333582 0.260499 0.321472 0.253587 0.419818 0.130247 0.105100
476.000000 0.034265 0.054072 0.041189 0.043133 0.054912 0.047847 0.038655 0.041485 0.040404 0.044430 0.038833 0.043938 0.048204 0.040487 0.071342 0.075955 0.067432 0.088472 0.103201 0.183487 0.090513 0.086676 0.069230 0.103919 0.070311 0.092931 0.114683 0.088918 0.336131 0.267842 0.327498 0.255852 0.431110 0.131232 0.104800
478.000000 0.034217 0.053931 0.041383 0.042893 0.055159 0.047672 0.038855 0.042114 0.040572 0.044440 0.038784 0.044228 0.048070 0.040206 0.071298 0.076057 0.067254 0.088603 0.103802 0.183628 0.090934 0.087092 0.069053 0.103912 0.070453 0.092880 0.114508 0.088868 0.336204 0.270500 0.330863 0.256974 0.435773 0.131817 0.104700
481.000000 0.033943 0.054216 0.041382 0.042565 0.055463 0.047535 0.038957 0.042659 0.040782 0.044482 0.038790 0.044499 0.048028 0.039703 0.071193 0.076506 0.067084 0.089111 0.104485 0.183847 0.091281 0.087809 0.069155 0.103939 0.071159 0.093029 0.114782 0.089021 0.337221 0.274765 0.335354 0.258309 0.442748 0.132871 0.104600
484.000000 0.034208 0.054024 0.040962 0.042202 0.055549 0.047500 0.039057 0.042383 0.040288 0.044527 0.038975 0.043943 0.047561 0.039862 0.071308 0.076612 0.067067 0.089779 0.105101 0.185008 0.091819 0.087893 0.069127 0.104039 0.071693 0.092682 0.115024 0.089460 0.339884 0.281011 0.340032 0.261384 0.450965 0.134117 0.104400
487.000000 0.034445 0.053606 0.040839 0.042497 0.056053 0.047282 0.039600 0.041688 0.040760 0.044660 0.038921 0.043768 0.047431 0.040072 0.071826 0.077048 0.067330 0.090720 0.106498 0.186473 0.092808 0.088015 0.070285 0.104372 0.072245 0.092983 0.115757 0.089757 0.341644 0.286780 0.346016 0.264063 0.457821 0.135502 0.104300
490.000000 0.034750 0.053902 0.041020 0.042421 0.056359 0.047258 0.039790 0.041618 0.040808 0.044954 0.038804 0.043854 0.048323 0.040565 0.072517 0.077814 0.067670 0.091768 0.107867 0.188322 0.094177 0.088845 0.071001 0.105106 0.072726 0.093399 0.117729 0.090435 0.344365 0.292250 0.351202 0.266687 0.463891 0.136934 0.104300
493.000000 0.034894 0.054599 0.041176 0.042260 0.057338 0.048269 0.040877 0.042195 0.040909 0.045475 0.039273 0.044262 0.048403 0.041202 0.073696 0.079582 0.068669 0.093101 0.110388 0.191490 0.096764 0.090687 0.072626 0.106378 0.074414 0.094592 0.119188 0.091951 0.346265 0.298027 0.355737 0.269023 0.468492 0.138466 0.104200
496.000000 0.034847 0.054983 0.041638 0.042714 0.058467 0.048766 0.041969 0.042692 0.041103 0.046323 0.039168 0.044751 0.048577 0.041792 0.075273 0.081302 0.070085 0.095428 0.113595 0.194687 0.099917 0.093233 0.074194 0.108316 0.076260 0.096041 0.121377 0.094122 0.348537 0.303172 0.360927 0.272084 0.472863 0.140116 0.104200
499.000000 0.035115 0.055433 0.042001 0.043574 0.059735 0.049067 0.043137 0.042845 0.041724 0.047610 0.039199 0.045205 0.049121 0.042188 0.077634 0.083578 0.071796 0.098392 0.117449 0.199018 0.103954 0.096271 0.076872 0.111056 0.078488 0.097995 0.124442 0.096655 0.350960 0.308038 0.365150 0.274613 0.476148 0.141789 0.104200
502.000000 0.035684 0.056397 0.042419 0.044108 0.061620 0.049639 0.044452 0.043555 0.042592 0.049534 0.039667 0.046198 0.050426 0.042345 0.080514 0.086997 0.073734 0.101738 0.122208 0.203670 0.108681 0.100832 0.080332 0.114739 0.081814 0.101047 0.128559 0.099103 0.354194 0.313778 0.370582 0.277727 0.480789 0.143582 0.104200
505.000000 0.036868 0.058162 0.042819 0.044391 0.064605 0.050599 0.047154 0.044218 0.043632 0.052281 0.040956 0.047117 0.052551 0.043420 0.083995 0.091594 0.076508 0.105860 0.128702 0.209106 0.115002 0.105754 0.084424 0.119454 0.086416 0.104240 0.133447 0.102508 0.356704 0.318937 0.376059 0.280509 0.483622 0.145412 0.104100
508.000000 0.038300 0.060028 0.044029 0.045548 0.069046 0.051975 0.051019 0.045116 0.044926 0.056057 0.042260 0.048956 0.054638 0.045233 0.088617 0.096570 0.080440 0.111224 0.136702 0.215241 0.122496 0.111734 0.089015 0.125317 0.091608 0.108553 0.138476 0.107038 0.359342 0.323871 0.381396 0.283550 0.486556 0.147267 0.104100
510.000000 0.039345 0.061936 0.045286 0.046791 0.072758 0.053076 0.054319 0.045984 0.046718 0.059259 0.043442 0.050800 0.056571 0.046754 0.092086 0.100804 0.083647 0.115235 0.142696 0.219468 0.128187 0.116269 0.092865 0.129893 0.095788 0.111828 0.142757 0.110470 0.361331 0.327589 0.384409 0.286117 0.489135 0.148511 0.104000
513.000000 0.041683 0.065073 0.047821 0.049452 0.079318 0.056199 0.060072 0.047953 0.049985 0.065186 0.046085 0.054674 0.060748 0.049686 0.098345 0.107555 0.089325 0.121911 0.152316 0.226804 0.137551 0.123892 0.099261 0.137725 0.102825 0.117924 0.149875 0.116304 0.364395 0.332695 0.389506 0.288845 0.492194 0.150354 0.103900
516.000000 0.045224 0.069721 0.051110 0.053299 0.087472 0.060768 0.067147 0.051279 0.054726 0.072460 0.049955 0.059917 0.065950 0.053748 0.105258 0.115445 0.095792 0.129573 0.162831 0.234456 0.147537 0.133020 0.106646 0.146543 0.110733 0.124765 0.157865 0.122962 0.367117 0.337429 0.394251 0.291999 0.494935 0.152287 0.103800
519.000000 0.049637 0.076211 0.055316 0.057873 0.096584 0.066857 0.075205 0.054814 0.060001 0.080810 0.055248 0.066032 0.073085 0.058989 0.112190 0.124113 0.103149 0.137442 0.173565 0.242285 0.157805 0.142186 0.113975 0.155885 0.119360 0.131966 0.166590 0.130037 0.370329 0.342310 0.399110 0.295118 0.496983 0.154241 0.103700
522.000000 0.054568 0.083139 0.060481 0.063279 0.106863 0.073969 0.084271 0.059763 0.065639 0.089578 0.060929 0.073273 0.080814 0.065512 0.119260 0.132408 0.110496 0.145239 0.184514 0.249792 0.168188 0.151593 0.121046 0.165049 0.127512 0.139541 0.175122 0.137570 0.373523 0.347456 0.404290 0.298478 0.499164 0.156198 0.103700
525.000000 0.060300 0.090111 0.065791 0.068894 0.117393 0.081723 0.093435 0.064484 0.071502 0.097902 0.067011 0.080858 0.088700 0.072222 0.126317 0.140447 0.117322 0.152568 0.194781 0.256606 0.177946 0.159910 0.127441 0.173248 0.135303 0.146981 0.183024 0.144523 0.376401 0.352175 0.409071 0.301663 0.501297 0.158207 0.103600
528.000000 0.065688 0.096233 0.070827 0.074835 0.127065 0.088845 0.101751 0.069169 0.076761 0.105039 0.072622 0.087981 0.095785 0.078809 0.132502 0.147501 0.123268 0.159244 0.203591 0.262381 0.186196 0.167255 0.132872 0.179928 0.141843 0.153567 0.189662 0.150698 0.379686 0.357618 0.414746 0.305479 0.503485 0.160232 0.103500
531.000000 0.070224 0.101622 0.075040 0.080029 0.135169 0.094521 0.108595 0.073080 0.081323 0.110673 0.077147 0.093601 0.102093 0.084254 0.137275 0.153335 0.128140 0.164506 0.210658 0.266927 0.192665 0.173097 0.137436 0.184950 0.146870 0.158675 0.195068 0.155622 0.382483 0.362031 0.419166 0.308586 0.504735 0.162310 0.103500
534.000000 0.073501 0.105538 0.078208 0.084158 0.141454 0.099034 0.113845 0.076451 0.084476 0.114811 0.080427 0.097740 0.107320 0.088574 0.140705 0.157447 0.131760 0.168512 0.215938 0.270462 0.197358 0.177295 0.140598 0.188438 0.150393 0.162153 0.199199 0.159416 0.385635 0.367200 0.424370 0.312385 0.506708 0.164468 0.103400
537.000000 0.075756 0.108444 0.080132 0.086855 0.146403 0.102530 0.117850 0.079059 0.086622 0.117700 0.082534 0.101040 0.111097 0.091656 0.143001 0.160081 0.134142 0.171231 0.219973 0.273112 0.200686 0.180100 0.142324 0.190682 0.152557 0.164703 0.202118 0.162018 0.388973 0.372163 0.429829 0.315860 0.508889 0.166614 0.103400
540.000000 0.077161 0.110536 0.081534 0.088527 0.150227 0.105190 0.120956 0.080796 0.088021 0.119718 0.084143 0.103122 0.113838 0.093761 0.144269 0.161833 0.135600 0.172966 0.222997 0.275200 0.203144 0.181981 0.143178 0.192081 0.154013 0.166041 0.203978 0.163658 0.392075 0.377065 0.435159 0.319590 0.511829 0.168833 0.103300
543.000000 0.077879 0.112042 0.082750 0.089799 0.153187 0.107066 0.123221 0.082053 0.088916 0.121299 0.085468 0.104775 0.115982 0.095193 0.144899 0.163019 0.136463 0.174232 0.225141 0.276755 0.204942 0.183133 0.143774 0.193079 0.154876 0.167124 0.205201 0.164591 0.395397 0.381678 0.440004 0.323326 0.515279 0.171030 0.103200
546.000000 0.078695 0.113212 0.083688 0.091036 0.155675 0.108769 0.125177 0.082970 0.089847 0.122751 0.086448 0.106070 0.118205 0.096444 0.145587 0.163786 0.136957 0.175372 0.227003 0.278156 0.206458 0.184068 0.144245 0.193969 0.155473 0.167856 0.206362 0.165483 0.398520 0.386576 0.445005 0.327160 0.520029 0.173299 0.103200
549.000000 0.079335 0.114154 0.084374 0.092397 0.157971 0.110365 0.126825 0.083852 0.090751 0.124044 0.087361 0.107413 0.120146 0.097670 0.146074 0.164531 0.137437 0.176395 0.228569 0.279339 0.207649 0.184867 0.144812 0.194735 0.156052 0.168553 0.207209 0.166262 0.401639 0.390910 0.449924 0.330710 0.526162 0.175573 0.103100
551.000000 0.079638 0.114613 0.084612 0.092941 0.159153 0.110976 0.127649 0.084087 0.091118 0.124594 0.087819 0.107864 0.121042 0.098083 0.146197 0.164802 0.137556 0.176736 0.229372 0.279833 0.208180 0.185106 0.144828 0.194980 0.156262 0.168655 0.207551 0.166493 0.403650 0.394084 0.453437 0.333225 0.530410 0.177154 0.103100
554.000000 0.079242 0.114370 0.084332 0.092735 0.159695 0.110956 0.127921 0.083784 0.090693 0.124460 0.087506 0.107682 0.121106 0.098007 0.145602 0.164490 0.137171 0.176386 0.229626 0.280067 0.208199 0.184766 0.144322 0.194531 0.155626 0.168167 0.207167 0.166224 0.406864 0.398551 0.458256 0.337318 0.538322 0.179420 0.103100
557.000000 0.077894 0.112575 0.082937 0.091233 0.158513 0.109234 0.126756 0.082460 0.089039 0.122831 0.085831 0.106038 0.119463 0.096540 0.144078 0.162765 0.135550 0.175052 0.228456 0.279320 0.206920 0.182844 0.142772 0.192792 0.153749 0.166568 0.205605 0.164797 0.409867 0.402320 0.463198 0.341118 0.547213 0.181739 0.103000
560.000000 0.075367 0.109572 0.080473 0.088597 0.155766 0.106134 0.124278 0.080265 0.086255 0.119846 0.082917 0.102953 0.116441 0.093910 0.141502 0.159668 0.132609 0.172792 0.225992 0.277823 0.204471 0.179705 0.140203 0.189840 0.150610 0.163824 0.203058 0.162472 0.412927 0.406472 0.467966 0.345199 0.557556 0.184046 0.103000
563.000000 0.072040 0.105759 0.077282 0.085163 0.152122 0.102259 0.120922 0.077420 0.082871 0.115838 0.079548 0.098934 0.112485 0.090326 0.138058 0.155878 0.129095 0.169848 0.222672 0.275779 0.201197 0.175910 0.137041 0.185922 0.146808 0.160245 0.199707 0.159268 0.416032 0.411126 0.473050 0.349391 0.568144 0.186404 0.102900
566.000000 0.068266 0.101457 0.073775 0.081253 0.147665 0.097660 0.117017 0.074205 0.079105 0.111003 0.075673 0.094379 0.107786 0.086213 0.134072 0.151482 0.124972 0.166243 0.218845 0.273237 0.197397 0.171684 0.133386 0.181186 0.142384 0.156224 0.195804 0.155588 0.419244 0.415227 0.478220 0.353513 0.578193 0.188673 0.102900
569.000000 0.064350 0.096597 0.070041 0.077115 0.142521 0.092606 0.112636 0.070586 0.075106 0.105563 0.071612 0.089413 0.102535 0.081650 0.129592 0.146701 0.120485 0.162190 0.214390 0.270237 0.193049 0.166682 0.129432 0.175847 0.137651 0.151809 0.191433 0.151350 0.422105 0.419238 0.482723 0.357474 0.587626 0.190871 0.102800
572.000000 0.060254 0.091696 0.066460 0.072924 0.136965 0.087278 0.107811 0.067031 0.071071 0.100039 0.067549 0.084276 0.097131 0.076966 0.125060 0.141691 0.115962 0.157788 0.209436 0.267038 0.188236 0.161529 0.125158 0.170376 0.132812 0.147116 0.186867 0.146908 0.425230 0.423617 0.487684 0.361915 0.596462 0.193034 0.102800
575.000000 0.056804 0.087286 0.063245 0.069077 0.131783 0.082623 0.103317 0.063954 0.067221 0.095002 0.063817 0.079666 0.091973 0.072612 0.120985 0.137060 0.111818 0.153589 0.204635 0.263981 0.183532 0.156553 0.121084 0.165298 0.128123 0.142824 0.182439 0.142580 0.428116 0.427938 0.492233 0.365937 0.603842 0.195076 0.102800
578.000000 0.053971 0.083737 0.060719 0.065864 0.127333 0.078736 0.099433 0.061302 0.064382 0.090748 0.060682 0.075900 0.087628 0.069112 0.117502 0.133050 0.108315 0.149792 0.200395 0.261217 0.179342 0.152262 0.117776 0.160898 0.123993 0.139129 0.178638 0.138978 0.431173 0.432168 0.496586 0.370149 0.609742 0.196993 0.102700
581.000000 0.051793 0.080894 0.058871 0.063363 0.123741 0.075655 0.096297 0.059410 0.061934 0.087241 0.058361 0.072968 0.084143 0.066381 0.114644 0.129647 0.105538 0.146858 0.196827 0.258778 0.175866 0.148601 0.114952 0.157143 0.120568 0.136097 0.175446 0.136123 0.434011 0.436506 0.501772 0.374257 0.614802 0.198862 0.102700
584.000000 0.049920 0.078591 0.057003 0.061377 0.120841 0.073251 0.093779 0.057897 0.059889 0.084307 0.056571 0.070477 0.081221 0.064303 0.112078 0.126758 0.102780 0.144357 0.193800 0.256860 0.172935 0.145522 0.112551 0.153878 0.117840 0.133381 0.172597 0.133770 0.436927 0.441244 0.506065 0.378582 0.619249 0.200603 0.102700
587.000000 0.048546 0.076790 0.055539 0.059874 0.118507 0.071215 0.091682 0.056595 0.058405 0.081821 0.054916 0.068299 0.078870 0.062369 0.109993 0.124447 0.100396 0.142277 0.191284 0.255244 0.170420 0.142795 0.110443 0.150982 0.115483 0.130875 0.170086 0.131587 0.439557 0.445237 0.510286 0.382527 0.622077 0.202307 0.102700
590.000000 0.047386 0.075418 0.054421 0.058577 0.116584 0.069760 0.089975 0.055241 0.057421 0.079764 0.053403 0.066710 0.077045 0.060756 0.108093 0.122606 0.098495 0.140337 0.189093 0.254022 0.168258 0.140438 0.108766 0.148465 0.113346 0.128939 0.168027 0.129760 0.442285 0.450383 0.515008 0.387059 0.625123 0.203946 0.102600
593.000000 0.046298 0.074262 0.053584 0.057559 0.115280 0.068611 0.088690 0.054418 0.056676 0.078179 0.052507 0.065751 0.075598 0.059735 0.106476 0.120990 0.097019 0.138916 0.187571 0.252922 0.166640 0.138631 0.107528 0.146421 0.111647 0.127457 0.166359 0.128442 0.444875 0.454618 0.519462 0.391001 0.627200 0.205492 0.102600
596.000000 0.045610 0.073328 0.052978 0.057030 0.114435 0.067860 0.087957 0.054111 0.055704 0.076992 0.051813 0.065055 0.074570 0.059071 0.105283 0.119542 0.095922 0.138014 0.186515 0.252177 0.165547 0.137567 0.106307 0.144803 0.110240 0.126448 0.165098 0.127297 0.447353 0.459296 0.524149 0.394776 0.628907 0.206931 0.102600
599.000000 0.045166 0.072663 0.052333 0.056617 0.113673 0.067210 0.087264 0.053609 0.054949 0.075969 0.051395 0.064336 0.073686 0.058402 0.104397 0.118586 0.094863 0.137381 0.185508 0.251589 0.164500 0.136509 0.105186 0.143380 0.109299 0.125381 0.163965 0.126297 0.449825 0.464224 0.528620 0.398850 0.630422 0.208349 0.102500
602.000000 0.044748 0.071985 0.052019 0.055922 0.112553 0.066387 0.086164 0.052849 0.054238 0.074778 0.050705 0.063249 0.072580 0.057558 0.103641 0.117559 0.094057 0.136346 0.184063 0.250748 0.163060 0.135222 0.103953 0.141832 0.108038 0.124055 0.162732 0.125311 0.451760 0.468813 0.532856 0.402450 0.631541 0.209681 0.102500
605.000000 0.044035 0.070921 0.051191 0.054891 0.110966 0.065239 0.084647 0.051977 0.053406 0.073163 0.049640 0.062156 0.071003 0.056689 0.102502 0.116193 0.092561 0.134844 0.182277 0.249443 0.161125 0.133350 0.102590 0.139880 0.106352 0.122513 0.161080 0.124228 0.454172 0.474133 0.537266 0.406376 0.632862 0.210974 0.102500
607.000000 0.043430 0.069871 0.050580 0.054017 0.109518 0.064185 0.083285 0.051388 0.052815 0.071832 0.048891 0.061231 0.069609 0.055850 0.101452 0.114797 0.091402 0.133497 0.180637 0.248241 0.159422 0.131899 0.101631 0.138313 0.105052 0.121298 0.159650 0.123233 0.455809 0.477232 0.540279 0.408848 0.633200 0.211927 0.102500
610.000000 0.042368 0.068022 0.049705 0.052809 0.107010 0.062399 0.080972 0.050324 0.051637 0.069534 0.047442 0.059578 0.067365 0.054570 0.099424 0.112363 0.089736 0.131338 0.177744 0.246148 0.156442 0.129243 0.099892 0.135617 0.102629 0.119252 0.157210 0.121582 0.458089 0.482371 0.544695 0.412740 0.634537 0.213123 0.102400
613.000000 0.041232 0.066419 0.048443 0.051467 0.104139 0.060504 0.078371 0.049100 0.050233 0.067069 0.046075 0.057797 0.064960 0.052895 0.097389 0.109950 0.087740 0.128946 0.174375 0.243830 0.153052 0.126270 0.097805 0.132689 0.100111 0.116928 0.154435 0.119645 0.460052 0.487618 0.548737 0.416218 0.635122 0.214360 0.102400
616.000000 0.040272 0.064967 0.047606 0.050208 0.101426 0.058773 0.075808 0.048088 0.048859 0.064714 0.044821 0.056109 0.062738 0.051434 0.095568 0.107736 0.085940 0.126487 0.171041 0.241669 0.149650 0.123428 0.095700 0.129807 0.097520 0.114715 0.151983 0.117854 0.462564 0.493304 0.553328 0.420093 0.636389 0.215523 0.102400
619.000000 0.039417 0.063855 0.046831 0.049178 0.099237 0.057485 0.073592 0.047435 0.047854 0.062724 0.043803 0.054956 0.060797 0.050318 0.093945 0.105948 0.084219 0.124390 0.168194 0.239864 0.146657 0.121121 0.093932 0.127250 0.095468 0.112949 0.149662 0.116162 0.464727 0.498924 0.557628 0.423823 0.637357 0.216667 0.102400
622.000000 0.038852 0.063065 0.046335 0.048395 0.097814 0.056641 0.071983 0.046937 0.047358 0.061276 0.043154 0.053947 0.059292 0.049621 0.092693 0.104565 0.083006 0.122770 0.166135 0.238545 0.144424 0.119364 0.092844 0.125268 0.093954 0.111464 0.147857 0.114908 0.466961 0.504393 0.561673 0.427613 0.638625 0.217811 0.102300
625.000000 0.038610 0.062543 0.045834 0.048088 0.097036 0.056145 0.071154 0.046494 0.047033 0.060376 0.042803 0.053288 0.058420 0.049269 0.092074 0.103708 0.082248 0.121963 0.164951 0.237688 0.143133 0.118184 0.091985 0.123952 0.092998 0.110412 0.146607 0.114122 0.469200 0.510234 0.566113 0.431388 0.639516 0.218976 0.102300
628.000000 0.038417 0.062196 0.045530 0.047756 0.096673 0.055697 0.070757 0.046225 0.046862 0.059912 0.042650 0.052993 0.057920 0.049132 0.091716 0.103216 0.081662 0.121454 0.164409 0.237156 0.142427 0.117498 0.091449 0.123180 0.092504 0.109913 0.146098 0.113787 0.471415 0.515872 0.569956 0.434973 0.640559 0.220115 0.102300
631.000000 0.038229 0.062005 0.045461 0.047517 0.096452 0.055507 0.070448 0.046052 0.046612 0.059583 0.042382 0.052878 0.057515 0.048951 0.091168 0.102764 0.081077 0.120989 0.164020 0.236841 0.141859 0.116952 0.090901 0.122514 0.091936 0.109663 0.145527 0.113527 0.473907 0.521529 0.573847 0.438632 0.641727 0.221191 0.102200
634.000000 0.037978 0.061704 0.045313 0.047190 0.095800 0.054919 0.069639 0.045705 0.046323 0.058869 0.041942 0.052436 0.056863 0.048409 0.090268 0.101789 0.080143 0.120106 0.162972 0.236032 0.140628 0.115817 0.090188 0.121178 0.090737 0.108797 0.144338 0.112564 0.476176 0.527277 0.577392 0.442266 0.642740 0.222364 0.102200
637.000000 0.037497 0.060696 0.044807 0.046585 0.094493 0.054190 0.068167 0.045224 0.045521 0.057347 0.041318 0.051476 0.055596 0.047397 0.088401 0.099603 0.078374 0.118344 0.160898 0.234526 0.138247 0.113730 0.088332 0.118522 0.088717 0.106845 0.141998 0.110606 0.478296 0.533123 0.581275 0.445903 0.643686 0.223450 0.102200
640.000000 0.036710 0.059513 0.044203 0.045732 0.092392 0.053119 0.065783 0.044565 0.044539 0.055002 0.040487 0.050265 0.053969 0.046280 0.085747 0.096606 0.076010 0.115747 0.157608 0.232048 0.134501 0.110617 0.085691 0.114514 0.085797 0.104077 0.138787 0.107808 0.480637 0.538862 0.585045 0.449396 0.644918 0.224550 0.102100
643.000000 0.035710 0.058261 0.043481 0.044665 0.089752 0.051977 0.062792 0.043734 0.043353 0.052211 0.039421 0.048770 0.052142 0.044955 0.082504 0.093245 0.073199 0.112624 0.153399 0.228890 0.129692 0.106744 0.082519 0.109716 0.082272 0.100885 0.134857 0.104612 0.483066 0.545070 0.588650 0.453164 0.646151 0.225667 0.102100
646.000000 0.035009 0.057050 0.042951 0.043819 0.087048 0.050717 0.059629 0.042903 0.042374 0.049524 0.038498 0.047325 0.050346 0.043756 0.079747 0.090109 0.070702 0.109564 0.148939 0.225293 0.124549 0.102803 0.079597 0.105030 0.078852 0.097714 0.130783 0.101592 0.485620 0.550827 0.592255 0.457037 0.647251 0.226866 0.102100
649.000000 0.034482 0.055993 0.042395 0.043208 0.084781 0.049605 0.057126 0.042254 0.041718 0.047420 0.037938 0.046237 0.048717 0.042895 0.077748 0.087579 0.068786 0.106874 0.145021 0.222163 0.120210 0.099679 0.077315 0.101305 0.076407 0.095204 0.127341 0.099356 0.488329 0.556788 0.595665 0.460346 0.648643 0.227967 0.102000
652.000000 0.034284 0.055275 0.041978 0.043039 0.083106 0.048982 0.055574 0.041959 0.041486 0.046033 0.037419 0.045629 0.047471 0.042401 0.076548 0.085944 0.067764 0.105074 0.142046 0.219918 0.117154 0.097701 0.075858 0.098864 0.074692 0.093539 0.125056 0.098094 0.490740 0.562488 0.598840 0.463969 0.649413 0.229055 0.102000
655.000000 0.034162 0.055000 0.041831 0.042721 0.081483 0.048572 0.054150 0.041723 0.041267 0.044990 0.037113 0.045243 0.046406 0.042059 0.075782 0.084951 0.067229 0.103345 0.139081 0.217957 0.114412 0.096000 0.074769 0.097122 0.073395 0.092489 0.123263 0.097215 0.493243 0.568286 0.602212 0.467605 0.650254 0.230226 0.102000
658.000000 0.033999 0.054590 0.041637 0.042361 0.079605 0.048082 0.052365 0.041468 0.040995 0.043764 0.036783 0.044565 0.045130 0.041778 0.074863 0.083748 0.066478 0.101172 0.135461 0.215272 0.110829 0.093822 0.073366 0.095044 0.071781 0.091010 0.120947 0.096313 0.495891 0.573650 0.605512 0.471234 0.651050 0.231310 0.101900
661.000000 0.033609 0.054002 0.041415 0.041822 0.077368 0.047503 0.050028 0.040937 0.040793 0.042238 0.036419 0.043784 0.043786 0.041495 0.073566 0.081797 0.065234 0.098169 0.130709 0.211496 0.105942 0.090851 0.071557 0.092151 0.069647 0.088984 0.117998 0.094917 0.498438 0.578739 0.608344 0.474708 0.651661 0.232431 0.101900
664.000000 0.033407 0.053288 0.041102 0.041601 0.075232 0.046858 0.047836 0.040466 0.040577 0.040704 0.036056 0.043133 0.042475 0.041239 0.072157 0.079629 0.063820 0.095215 0.125691 0.206938 0.100670 0.087727 0.069632 0.088831 0.067393 0.086749 0.114633 0.093409 0.500657 0.583970 0.611538 0.477989 0.652159 0.233550 0.101900
667.000000 0.033487 0.052948 0.041066 0.041519 0.073492 0.046563 0.046026 0.040170 0.040560 0.039528 0.035929 0.042854 0.041591 0.041101 0.071110 0.078062 0.062933 0.092644 0.121242 0.202642 0.095956 0.085040 0.068082 0.085840 0.065588 0.085188 0.111680 0.092106 0.503066 0.588517 0.614393 0.481401 0.652413 0.234669 0.101800
670.000000 0.033846 0.052840 0.041131 0.041658 0.072458 0.046524 0.044912 0.040058 0.040743 0.038857 0.035994 0.042830 0.041057 0.041289 0.070846 0.077393 0.062775 0.091225 0.118138 0.199518 0.092659 0.083396 0.067411 0.083716 0.064722 0.084461 0.109707 0.091767 0.505483 0.593063 0.617263 0.484664 0.652717 0.235801 0.101800
673.000000 0.034126 0.053180 0.041450 0.042009 0.072247 0.046627 0.044580 0.040241 0.041229 0.038650 0.036158 0.043089 0.040853 0.041845 0.071255 0.077786 0.063449 0.090857 0.116731 0.197782 0.090934 0.083227 0.067623 0.082577 0.064864 0.084727 0.108958 0.092463 0.507865 0.597338 0.620248 0.487724 0.652448 0.236934 0.101800
676.000000 0.034483 0.053777 0.042044 0.042434 0.072516 0.046846 0.044649 0.040661 0.042023 0.038804 0.036521 0.043571 0.040956 0.042737 0.072451 0.079119 0.064985 0.091412 0.116536 0.197278 0.090526 0.084379 0.068896 0.082336 0.066005 0.085809 0.109406 0.094305 0.510137 0.601066 0.622688 0.490580 0.652581 0.238052 0.101700
679.000000 0.035429 0.054650 0.042772 0.043210 0.073193 0.047267 0.045237 0.041208 0.042871 0.039307 0.037342 0.044393 0.041221 0.043787 0.074699 0.081383 0.067242 0.093160 0.117764 0.198392 0.091698 0.086596 0.071054 0.083075 0.068397 0.087810 0.111183 0.097171 0.512557 0.605031 0.625441 0.493970 0.652546 0.239215 0.101700
682.000000 0.036541 0.055544 0.043653 0.044085 0.074714 0.048008 0.046737 0.041887 0.043866 0.040316 0.038378 0.045342 0.041945 0.045095 0.077756 0.084755 0.070444 0.096450 0.121453 0.202298 0.095557 0.090321 0.074567 0.085354 0.071994 0.090677 0.114968 0.101417 0.515008 0.608340 0.628475 0.497114 0.652810 0.240307 0.101700
685.000000 0.037700 0.056656 0.044537 0.045008 0.077731 0.048923 0.050002 0.042595 0.044905 0.042354 0.039384 0.046289 0.043460 0.046419 0.082009 0.089822 0.074604 0.102020 0.129069 0.209891 0.103675 0.096299 0.079788 0.090357 0.077245 0.094835 0.121511 0.107078 0.517293 0.611574 0.630762 0.500021 0.652521 0.241519 0.101700
688.000000 0.038937 0.058725 0.045697 0.046189 0.083376 0.050584 0.056291 0.043812 0.046514 0.046752 0.040697 0.048152 0.046674 0.048251 0.088327 0.097689 0.080514 0.110590 0.141613 0.221069 0.117191 0.105863 0.087423 0.099730 0.085091 0.101423 0.131749 0.114607 0.519850 0.614738 0.633134 0.503221 0.652583 0.242506 0.101600
691.000000 0.041387 0.063138 0.048353 0.049149 0.093465 0.055082 0.067335 0.046473 0.049840 0.055689 0.043826 0.053040 0.053423 0.052465 0.097988 0.109513 0.089953 0.122995 0.159248 0.235308 0.136139 0.119812 0.097936 0.114935 0.096961 0.111860 0.145801 0.125356 0.522258 0.617969 0.635445 0.506303 0.652786 0.243760 0.101600
694.000000 0.047462 0.072273 0.054523 0.056128 0.109856 0.065069 0.084547 0.052283 0.057566 0.071118 0.051178 0.063342 0.065959 0.061418 0.111914 0.126017 0.103925 0.138968 0.181132 0.251638 0.159371 0.138414 0.112038 0.136164 0.113367 0.126509 0.163665 0.140115 0.524690 0.620560 0.637793 0.509137 0.653136 0.245022 0.101600
697.000000 0.059367 0.087726 0.066276 0.069090 0.132777 0.082522 0.107498 0.062979 0.071243 0.093396 0.064498 0.080154 0.085925 0.077302 0.129592 0.146121 0.122432 0.157766 0.205399 0.268992 0.184659 0.159957 0.128843 0.161969 0.133196 0.144411 0.184393 0.158797 0.527227 0.623699 0.640343 0.512307 0.653531 0.246134 0.101600
700.000000 0.077812 0.109284 0.083821 0.088443 0.160439 0.106862 0.134305 0.079600 0.090427 0.120947 0.083652 0.102741 0.112432 0.099675 0.149561 0.168194 0.143453 0.177916 0.230177 0.286125 0.209942 0.182997 0.147074 0.189970 0.154542 0.164153 0.206560 0.179623 0.529525 0.626188 0.642524 0.515166 0.654007 0.247347 0.101500
703.000000 0.100965 0.134950 0.106207 0.112847 0.190280 0.135920 0.162436 0.100773 0.113236 0.151244 0.107130 0.128798 0.142740 0.126196 0.169976 0.190712 0.165782 0.198445 0.254060 0.302570 0.233711 0.205846 0.165583 0.217941 0.175964 0.184713 0.228327 0.200843 0.531879 0.628800 0.644791 0.518040 0.654412 0.248478 0.101500
706.000000 0.126122 0.162732 0.131580 0.140228 0.220101 0.167393 0.190260 0.124921 0.137768 0.182105 0.132382 0.156222 0.174257 0.154468 0.189719 0.213071 0.188517 0.218751 0.276182 0.318352 0.255472 0.228182 0.183698 0.244510 0.196499 0.205299 0.248853 0.221485 0.534500 0.631464 0.646902 0.520776 0.655278 0.249647 0.101500
709.000000 0.151816 0.191647 0.158818 0.169167 0.249044 0.200080 0.217238 0.151063 0.163032 0.212340 0.158490 0.184165 0.206001 0.183224 0.208535 0.235098 0.211332 0.238487 0.296587 0.333708 0.275485 0.249918 0.201390 0.269235 0.216218 0.225601 0.268264 0.241301 0.536810 0.634100 0.648835 0.523922 0.656012 0.250769 0.101500
712.000000 0.177823 0.221457 0.187652 0.199387 0.277003 0.233720 0.243590 0.178999 0.188844 0.241574 0.185151 0.212660 0.238142 0.212642 0.226614 0.256873 0.234274 0.258030 0.315667 0.348623 0.294417 0.271559 0.218803 0.292229 0.235330 0.245827 0.287385 0.260943 0.539619 0.636679 0.651501 0.526781 0.656787 0.251924 0.101500
715.000000 0.204522 0.251942 0.217590 0.230436 0.304022 0.268091 0.269422 0.208399 0.215334 0.269628 0.212557 0.241400 0.270603 0.242462 0.244567 0.278582 0.257297 0.277465 0.333705 0.363338 0.312583 0.293438 0.236313 0.313647 0.254351 0.266099 0.306255 0.280431 0.542078 0.639087 0.653129 0.529651 0.657104 0.253151 0.101400
718.000000 0.231681 0.282576 0.248413 0.261798 0.329812 0.302553 0.294494 0.238970 0.242283 0.296222 0.240482 0.270128 0.303126 0.272593 0.262646 0.300014 0.280561 0.296713 0.350600 0.377893 0.329920 0.315428 0.253658 0.333460 0.273312 0.286449 0.324697 0.299820 0.544740 0.641886 0.655440 0.532806 0.657747 0.254468 0.101400
721.000000 0.259006 0.312675 0.279158 0.292624 0.353944 0.336188 0.318427 0.269979 0.269351 0.320952 0.268399 0.298069 0.334947 0.302093 0.280627 0.320767 0.303346 0.315385 0.366221 0.391962 0.346223 0.337065 0.270831 0.351520 0.291836 0.306080 0.342305 0.318529 0.547846 0.644786 0.657393 0.535914 0.658253 0.255502 0.101400
724.000000 0.285973 0.341308 0.308912 0.322015 0.375897 0.367987 0.340552 0.300251 0.295343 0.343373 0.295556 0.324552 0.365400 0.330267 0.298147 0.340217 0.325103 0.332877 0.380282 0.405088 0.361136 0.357784 0.287217 0.367626 0.309669 0.324505 0.358993 0.336270 0.550479 0.647228 0.659167 0.538944 0.659040 0.256671 0.101400
727.000000 0.311963 0.367633 0.336512 0.349050 0.395284 0.396976 0.360366 0.328443 0.319562 0.363099 0.320989 0.348513 0.393214 0.356363 0.314701 0.358099 0.345078 0.348779 0.392590 0.416939 0.374439 0.376928 0.302451 0.381612 0.326211 0.341252 0.374063 0.352570 0.553493 0.650039 0.660953 0.542312 0.659725 0.257804 0.101400
730.000000 0.336174 0.390999 0.361276 0.372808 0.411908 0.422597 0.377500 0.353788 0.341481 0.379952 0.344026 0.369338 0.417780 0.379697 0.330145 0.373965 0.362962 0.362795 0.403031 0.427397 0.385869 0.394031 0.316099 0.393450 0.341028 0.355987 0.387272 0.367186 0.556579 0.652713 0.662981 0.545446 0.660566 0.258834 0.101400
733.000000 0.358032 0.410995 0.382762 0.393242 0.425792 0.444475 0.392012 0.375860 0.360865 0.394010 0.364218 0.386889 0.438882 0.399899 0.344139 0.387518 0.378471 0.374890 0.411727 0.436345 0.395497 0.408847 0.328192 0.403275 0.353858 0.368420 0.398508 0.379766 0.559717 0.655486 0.664703 0.548736 0.661218 0.259876 0.101400
736.000000 0.377193 0.427782 0.400883 0.410234 0.437110 0.462616 0.403955 0.394436 0.377329 0.405527 0.381509 0.401483 0.456568 0.416889 0.356398 0.398813 0.391528 0.384958 0.418850 0.443731 0.403376 0.421205 0.338531 0.411283 0.364713 0.378584 0.407837 0.390319 0.563104 0.658093 0.666539 0.551998 0.662257 0.260960 0.101400
739.000000 0.393457 0.441583 0.415769 0.424179 0.446110 0.477218 0.413558 0.409700 0.390993 0.414815 0.395863 0.413226 0.470930 0.430978 0.366611 0.407936 0.402090 0.393012 0.424474 0.449653 0.409675 0.431306 0.347015 0.417699 0.373662 0.386678 0.415463 0.398922 0.566352 0.660823 0.667865 0.555484 0.663132 0.262014 0.101400
742.000000 0.406960 0.452618 0.427791 0.435215 0.453185 0.488838 0.421140 0.421980 0.401957 0.422174 0.407564 0.422487 0.482280 0.442238 0.374832 0.415134 0.410358 0.399278 0.428746 0.454275 0.414577 0.439176 0.353563 0.422727 0.380758 0.393013 0.421383 0.405593 0.569680 0.663277 0.669449 0.559074 0.664306 0.262971 0.101400
745.000000 0.417853 0.461075 0.437131 0.443813 0.458669 0.497924 0.426990 0.431678 0.410550 0.427890 0.416821 0.429509 0.491221 0.450881 0.381236 0.420352 0.416618 0.403974 0.431933 0.457804 0.418240 0.445092 0.358394 0.426570 0.386126 0.397745 0.425804 0.410502 0.573520 0.666128 0.670909 0.562831 0.665498 0.263993 0.101400
748.000000 0.426330 0.467415 0.444251 0.450336 0.462806 0.504968 0.431385 0.439131 0.417066 0.432237 0.423957 0.434724 0.498117 0.457443 0.385990 0.424088 0.421034 0.407333 0.434234 0.460456 0.420859 0.449264 0.361886 0.429414 0.389987 0.401053 0.428920 0.413913 0.577246 0.668607 0.672532 0.566614 0.666490 0.264958 0.101400
751.000000 0.432690 0.472158 0.449537 0.455188 0.465843 0.510167 0.434599 0.444692 0.421997 0.435468 0.429285 0.438507 0.503261 0.462445 0.389383 0.426658 0.423971 0.409662 0.435756 0.462272 0.422659 0.452126 0.364288 0.431457 0.392630 0.403259 0.431015 0.416187 0.581135 0.671506 0.674266 0.570569 0.667910 0.266009 0.101400
754.000000 0.437386 0.475633 0.453443 0.458723 0.468040 0.514058 0.436894 0.448762 0.425577 0.437835 0.433113 0.441217 0.507005 0.466034 0.391663 0.428265 0.425784 0.411219 0.436701 0.463564 0.423843 0.453950 0.365886 0.432898 0.394368 0.404659 0.432360 0.417618 0.584715 0.674139 0.675823 0.574407 0.669211 0.266987 0.101400
757.000000 0.440731 0.478160 0.456133 0.461303 0.469616 0.516857 0.438586 0.451777 0.428133 0.439570 0.435849 0.443118 0.509843 0.468438 0.393149 0.429166 0.426820 0.412154 0.437349 0.464416 0.424624 0.455120 0.366818 0.433927 0.395392 0.405464 0.433343 0.418428 0.588408 0.676188 0.677098 0.578003 0.669966 0.268013 0.101400
760.000000 0.443093 0.479907 0.458026 0.463188 0.470781 0.518878 0.439806 0.454006 0.429845 0.440827 0.437833 0.444443 0.511825 0.470210 0.394095 0.429687 0.427376 0.412808 0.437762 0.464994 0.425133 0.455803 0.367238 0.434654 0.395992 0.405902 0.433926 0.418872 0.592164 0.678797 0.678557 0.581822 0.671179 0.268481 0.101500
763.000000 0.444687 0.481136 0.459377 0.464509 0.471607 0.520262 0.440630 0.455591 0.431013 0.441727 0.439201 0.445377 0.513269 0.471347 0.394651 0.429981 0.427652 0.413149 0.437985 0.465352 0.425388 0.456143 0.367412 0.435147 0.396248 0.406138 0.434232 0.418912 0.595476 0.680775 0.679817 0.585094 0.672083 0.269385 0.101500
766.000000 0.445725 0.481917 0.460209 0.465445 0.472190 0.521310 0.441177 0.456772 0.431810 0.442342 0.440092 0.445926 0.514256 0.472110 0.394877 0.429967 0.427539 0.413373 0.438047 0.465584 0.425475 0.456201 0.367408 0.435445 0.396202 0.406095 0.434311 0.418807 0.598585 0.682319 0.680919 0.588398 0.673011 0.270520 0.101500
769.000000 0.446429 0.482428 0.460803 0.466072 0.472569 0.522036 0.441558 0.457611 0.432289 0.442782 0.440674 0.446309 0.515023 0.472597 0.394848 0.429795 0.427299 0.413290 0.438034 0.465727 0.425476 0.456023 0.367231 0.435627 0.395985 0.405923 0.434229 0.418552 0.601562 0.684076 0.682199 0.591252 0.673851 0.271537 0.101500
772.000000 0.446809 0.482788 0.461185 0.466515 0.472847 0.522606 0.441820 0.458165 0.432567 0.443114 0.441022 0.446553 0.515506 0.472897 0.394556 0.429499 0.426967 0.413188 0.437943 0.465848 0.425398 0.455783 0.366993 0.435756 0.395712 0.405722 0.434057 0.418262 0.604409 0.685775 0.683193 0.593944 0.674382 0.272294 0.101500
775.000000 0.447091 0.483076 0.461506 0.466892 0.473066 0.523051 0.442014 0.458658 0.432713 0.443386 0.441278 0.446743 0.515819 0.473143 0.394292 0.429272 0.426662 0.413131 0.437906 0.465888 0.425288 0.455627 0.366712 0.435867 0.395476 0.405605 0.433945 0.417979 0.607360 0.687604 0.684721 0.596792 0.675105 0.273139 0.101500
778.000000 0.447180 0.483235 0.461583 0.467214 0.473266 0.523337 0.442174 0.459073 0.432837 0.443620 0.441380 0.446813 0.516010 0.473316 0.393966 0.429101 0.426263 0.413104 0.437902 0.465850 0.425195 0.455533 0.366547 0.435979 0.395138 0.405401 0.433853 0.417777 0.609934 0.689018 0.685616 0.599184 0.675581 0.273909 0.101500
781.000000 0.447245 0.483348 0.461637 0.467506 0.473426 0.523609 0.442263 0.459359 0.432906 0.443840 0.441493 0.446727 0.516201 0.473566 0.393794 0.428954 0.426048 0.413093 0.437869 0.465898 0.425136 0.455435 0.366355 0.436104 0.394858 0.405122 0.433761 0.417631 0.612573 0.690542 0.687178 0.601811 0.676778 0.274689 0.101500
784.000000 0.447367 0.483405 0.461670 0.467758 0.473589 0.523860 0.442356 0.459610 0.433003 0.444050 0.441528 0.446676 0.516403 0.473757 0.393652 0.428884 0.425878 0.413077 0.437890 0.465957 0.425126 0.455370 0.366289 0.436248 0.394575 0.404933 0.433668 0.417497 0.615187 0.691933 0.687935 0.604178 0.677021 0.275513 0.101500
787.000000 0.447456 0.483523 0.461774 0.468022 0.473758 0.524192 0.442474 0.459903 0.433082 0.444257 0.441607 0.446705 0.516602 0.473892 0.393502 0.428826 0.425755 0.413113 0.437930 0.466088 0.425088 0.455346 0.366224 0.436398 0.394380 0.404856 0.433639 0.417351 0.617688 0.693465 0.689026 0.606539 0.677625 0.276194 0.101500
790.000000 0.447647 0.483652 0.461891 0.468312 0.473876 0.524468 0.442550 0.460189 0.433148 0.444460 0.441639 0.446779 0.516784 0.473982 0.393486 0.428849 0.425675 0.413229 0.437994 0.466261 0.424996 0.455313 0.366207 0.436555 0.394174 0.404780 0.433649 0.417255 0.620214 0.694855 0.690285 0.608714 0.677956 0.276940 0.101500
793.000000 0.447752 0.483842 0.461964 0.468517 0.473991 0.524672 0.442675 0.460417 0.433106 0.444658 0.441771 0.446812 0.516983 0.474090 0.393445 0.428905 0.425613 0.413291 0.438020 0.466419 0.424980 0.455248 0.366138 0.436711 0.394091 0.404688 0.433710 0.417270 0.622742 0.696365 0.691259 0.610939 0.678335 0.277475 0.101500
796.000000 0.447827 0.484055 0.462055 0.468642 0.474122 0.524881 0.442737 0.460519 0.433123 0.444851 0.441867 0.446813 0.517207 0.474232 0.393369 0.428943 0.425553 0.413347 0.438077 0.466653 0.424987 0.455198 0.366135 0.436873 0.394058 0.404613 0.433824 0.417337 0.624925 0.697275 0.691870 0.612951 0.678534 0.278180 0.101500
799.000000 0.447773 0.484079 0.462063 0.468808 0.474289 0.524993 0.442818 0.460692 0.433077 0.445037 0.441888 0.446824 0.517193 0.474278 0.393231 0.428847 0.425429 0.413398 0.438156 0.466748 0.424995 0.455231 0.366057 0.437028 0.393982 0.404537 0.433806 0.417351 0.627393 0.698747 0.692952 0.615276 0.679127 0.278782 0.101500
802.000000 0.447716 0.484120 0.462068 0.469032 0.474376 0.525089 0.442819 0.460860 0.433017 0.445222 0.441862 0.446828 0.517138 0.474328 0.393188 0.428797 0.425337 0.413546 0.438165 0.466782 0.424928 0.455263 0.365938 0.437183 0.393750 0.404501 0.433642 0.417319 0.629774 0.700005 0.693858 0.617238 0.679440 0.279381 0.101400
805.000000 0.447703 0.484277 0.462114 0.469252 0.474487 0.525208 0.442877 0.461019 0.433104 0.445412 0.441780 0.446698 0.517132 0.474408 0.393147 0.428808 0.425208 0.413687 0.438220 0.466863 0.424883 0.455212 0.365906 0.437347 0.393509 0.404379 0.433573 0.417360 0.631952 0.700642 0.694319 0.618943 0.679026 0.279943 0.101400
808.000000 0.447741 0.484454 0.462095 0.469342 0.474630 0.525394 0.442960 0.461101 0.433204 0.445602 0.441787 0.446709 0.517294 0.474533 0.393161 0.428924 0.425097 0.413752 0.438246 0.466979 0.424870 0.455097 0.365943 0.437514 0.393406 0.404346 0.433577 0.417478 0.634088 0.701964 0.695418 0.621041 0.679482 0.280523 0.101400
811.000000 0.447842 0.484567 0.462039 0.469413 0.474753 0.525712 0.443010 0.461162 0.433286 0.445794 0.441877 0.446755 0.517515 0.474642 0.393281 0.428955 0.424926 0.413831 0.438230 0.467162 0.424817 0.455088 0.365883 0.437687 0.393445 0.404382 0.433661 0.417647 0.636630 0.703314 0.696498 0.622971 0.679663 0.281051 0.101400
814.000000 0.447938 0.484517 0.461993 0.469460 0.474893 0.525972 0.443040 0.461374 0.433264 0.445987 0.441901 0.446760 0.517794 0.474733 0.393323 0.428943 0.424886 0.413768 0.438259 0.467233 0.424802 0.455226 0.365782 0.437863 0.393474 0.404417 0.433802 0.417726 0.638634 0.704470 0.697186 0.625005 0.679914 0.281818 0.101400
817.000000 0.447847 0.484638 0.462022 0.469596 0.475010 0.526118 0.443112 0.461600 0.433322 0.446200 0.441886 0.446628 0.517968 0.474880 0.393148 0.429032 0.424904 0.413788 0.438302 0.467261 0.424762 0.455261 0.365698 0.438041 0.393428 0.404335 0.433972 0.417833 0.640924 0.705653 0.697976 0.626909 0.680069 0.282121 0.101300
820.000000 0.447893 0.484703 0.462069 0.469865 0.475105 0.526280 0.443166 0.461735 0.433417 0.446418 0.441917 0.446571 0.518101 0.475078 0.393053 0.429169 0.424967 0.413896 0.438344 0.467312 0.424725 0.455252 0.365597 0.438221 0.393360 0.404254 0.434028 0.417887 0.642918 0.706103 0.698214 0.628356 0.679921 0.282623 0.101300
823.000000 0.448042 0.484869 0.462190 0.470163 0.475152 0.526455 0.443207 0.461878 0.433488 0.446636 0.442022 0.446667 0.518292 0.475277 0.392992 0.429285 0.424916 0.414133 0.438345 0.467448 0.424657 0.455174 0.365480 0.438401 0.393215 0.404259 0.434108 0.417921 0.645452 0.707841 0.699858 0.630592 0.680630 0.282979 0.101300
826.000000 0.448348 0.485038 0.462331 0.470343 0.475251 0.526599 0.443233 0.462066 0.433586 0.446825 0.442085 0.446827 0.518462 0.475503 0.393035 0.429300 0.424842 0.414173 0.438387 0.467558 0.424634 0.455218 0.365508 0.438566 0.393031 0.404246 0.434118 0.417869 0.647312 0.708310 0.700291 0.631974 0.680226 0.283468 0.101300
829.000000 0.448480 0.485143 0.462483 0.470514 0.475335 0.526664 0.443258 0.462253 0.433624 0.446997 0.442088 0.447016 0.518493 0.475692 0.393000 0.429129 0.424767 0.414118 0.438416 0.467600 0.424585 0.455146 0.365472 0.438713 0.392858 0.404135 0.434023 0.417864 0.649567 0.709863 0.701466 0.633781 0.680856 0.283753 0.101300
832.000000 0.448570 0.485323 0.462642 0.470643 0.475407 0.526662 0.443271 0.462339 0.433756 0.447173 0.442148 0.447037 0.518521 0.475942 0.393009 0.429031 0.424736 0.414008 0.438379 0.467567 0.424551 0.455089 0.365492 0.438857 0.392802 0.403990 0.433874 0.417852 0.651539 0.710416 0.702110 0.635431 0.680981 0.284194 0.101200
835.000000 0.448647 0.485512 0.462756 0.470774 0.475453 0.526692 0.443234 0.462471 0.433778 0.447380 0.442133 0.447013 0.518712 0.476197 0.393017 0.428994 0.424632 0.413970 0.438295 0.467526 0.424518 0.455012 0.365447 0.439023 0.392688 0.403894 0.433823 0.417935 0.653682 0.711390 0.702384 0.637055 0.680930 0.284534 0.101200
838.000000 0.448713 0.485793 0.462803 0.470906 0.475660 0.526890 0.443244 0.462625 0.433825 0.447634 0.442170 0.446864 0.519019 0.476353 0.393034 0.429067 0.424482 0.414048 0.438302 0.467647 0.424457 0.454986 0.365497 0.439224 0.392553 0.403751 0.433790 0.418058 0.655637 0.712620 0.702801 0.638708 0.681108 0.284982 0.101200
841.000000 0.448813 0.485918 0.462823 0.471122 0.475857 0.527136 0.443371 0.462927 0.433888 0.447923 0.442196 0.446916 0.519291 0.476400 0.393093 0.429044 0.424251 0.414127 0.438403 0.467796 0.424448 0.454923 0.365575 0.439445 0.392468 0.403722 0.433793 0.418131 0.657895 0.713338 0.703979 0.640407 0.681421 0.285327 0.101100
844.000000 0.448928 0.485966 0.462842 0.471286 0.476001 0.527316 0.443441 0.463183 0.434030 0.448228 0.442232 0.446964 0.519485 0.476513 0.393294 0.429038 0.424110 0.414266 0.438458 0.467868 0.424412 0.454862 0.365622 0.439680 0.392438 0.403747 0.433829 0.418236 0.659776 0.714584 0.704944 0.641973 0.681449 0.285608 0.101100
847.000000 0.449013 0.485976 0.462997 0.471475 0.476037 0.527471 0.443484 0.463371 0.434259 0.448516 0.442289 0.446994 0.519698 0.476713 0.393325 0.428955 0.424102 0.414398 0.438436 0.467949 0.424346 0.454804 0.365603 0.439899 0.392368 0.403739 0.433872 0.418313 0.661398 0.714755 0.705163 0.643299 0.681663 0.285977 0.101100
850.000000 0.449065 0.486035 0.462994 0.471621 0.476098 0.527569 0.443481 0.463327 0.434435 0.448795 0.442343 0.446928 0.519852 0.476983 0.393278 0.428953 0.424008 0.414451 0.438412 0.467911 0.424244 0.454729 0.365485 0.440116 0.392387 0.403642 0.433912 0.418449 0.663445 0.715433 0.705655 0.644477 0.681363 0.286295 0.101100
853.000000 0.449137 0.486131 0.463027 0.471780 0.476191 0.527738 0.443528 0.463581 0.434643 0.449059 0.442418 0.446944 0.519999 0.477063 0.393274 0.429092 0.423906 0.414544 0.438455 0.467861 0.424198 0.454729 0.365395 0.440322 0.392344 0.403638 0.434018 0.418532 0.665355 0.716784 0.706702 0.646522 0.682284 0.286545 0.101000
856.000000 0.449335 0.486160 0.463068 0.472018 0.476288 0.527827 0.443571 0.463732 0.434867 0.449315 0.442593 0.446993 0.520085 0.477186 0.393423 0.429103 0.423993 0.414619 0.438504 0.467878 0.424209 0.454731 0.365431 0.440534 0.392368 0.403609 0.434090 0.418460 0.666664 0.716940 0.706321 0.647273 0.681878 0.286748 0.101000
859.000000 0.449727 0.486235 0.463277 0.472240 0.476364 0.527994 0.443538 0.463976 0.434944 0.449561 0.442800 0.447132 0.520278 0.477428 0.393606 0.429187 0.424189 0.414710 0.438457 0.468049 0.424190 0.454786 0.365435 0.440734 0.392363 0.403608 0.434197 0.418388 0.668615 0.717554 0.707130 0.648574 0.681498 0.287167 0.100900
862.000000 0.449850 0.486437 0.463419 0.472330 0.476430 0.528099 0.443600 0.463924 0.434884 0.449794 0.442958 0.447238 0.520465 0.477585 0.393414 0.429178 0.424199 0.414600 0.438433 0.468223 0.424149 0.454672 0.365252 0.440925 0.392476 0.403487 0.434307 0.418449 0.670510 0.718439 0.707868 0.650210 0.682157 0.287574 0.100800
866.000000 0.449943 0.486647 0.463402 0.472475 0.476478 0.528130 0.443648 0.464226 0.434789 0.450073 0.442918 0.447288 0.520572 0.477689 0.393336 0.429195 0.423930 0.414454 0.438430 0.468251 0.424048 0.454597 0.364987 0.441150 0.392287 0.403388 0.434300 0.418433 0.672951 0.719876 0.709042 0.652304 0.682621 0.288065 0.100800
869.000000 0.449960 0.486761 0.463358 0.472678 0.476540 0.528053 0.443637 0.464398 0.434843 0.450254 0.442861 0.447258 0.520449 0.477830 0.393240 0.429171 0.423707 0.414417 0.438465 0.468218 0.424016 0.454516 0.365018 0.441308 0.392057 0.403325 0.434174 0.418367 0.674447 0.720152 0.709449 0.653460 0.682405 0.288134 0.100700
872.000000 0.450073 0.486836 0.463431 0.472792 0.476607 0.528204 0.443541 0.464614 0.435026 0.450425 0.442732 0.447177 0.520593 0.478017 0.393326 0.429237 0.423560 0.414495 0.438399 0.468308 0.423896 0.454568 0.365151 0.441454 0.391824 0.403206 0.434155 0.418452 0.675936 0.720894 0.709284 0.654580 0.681841 0.288733 0.100600
875.000000 0.449971 0.487017 0.463505 0.473056 0.476717 0.528378 0.443670 0.464689 0.435035 0.450585 0.442706 0.447222 0.520975 0.478098 0.393282 0.429237 0.423483 0.414734 0.438433 0.468449 0.423929 0.454618 0.365162 0.441592 0.391727 0.403066 0.434324 0.418635 0.677743 0.721080 0.709662 0.655463 0.681658 0.288913 0.100500
878.000000 0.450003 0.487085 0.463635 0.473163 0.476763 0.528678 0.443763 0.464596 0.435066 0.450725 0.442769 0.447262 0.521293 0.478048 0.393360 0.429165 0.423588 0.414743 0.438456 0.468632 0.423915 0.454600 0.365093 0.441719 0.391700 0.403099 0.434413 0.418692 0.679404 0.721881 0.710692 0.657076 0.681592 0.289355 0.100500
881.000000 0.449912 0.487122 0.463596 0.473187 0.476848 0.528803 0.443771 0.464662 0.435019 0.450842 0.442848 0.447213 0.521264 0.478067 0.393232 0.429046 0.423527 0.414830 0.438493 0.468610 0.423862 0.454443 0.365007 0.441839 0.391739 0.403127 0.434264 0.418593 0.681221 0.722668 0.711338 0.658213 0.682035 0.289727 0.100400
884.000000 0.449953 0.487160 0.463454 0.473059 0.476828 0.528820 0.443665 0.464634 0.434907 0.450932 0.442702 0.447045 0.521073 0.478159 0.393070 0.428989 0.423289 0.414791 0.438416 0.468574 0.423695 0.454410 0.365013 0.441938 0.391683 0.402964 0.434119 0.418549 0.681988 0.722498 0.710995 0.658742 0.681481 0.290075 0.100300
887.000000 0.449948 0.487133 0.463245 0.472963 0.476832 0.528900 0.443626 0.464630 0.434881 0.451007 0.442635 0.446802 0.520988 0.478329 0.393063 0.429172 0.423071 0.414763 0.438364 0.468663 0.423647 0.454286 0.365214 0.442021 0.391517 0.402698 0.434005 0.418719 0.684413 0.724039 0.711640 0.660305 0.682049 0.290208 0.100300
890.000000 0.450047 0.487001 0.463305 0.473009 0.476873 0.528921 0.443558 0.464746 0.434987 0.451062 0.442462 0.446760 0.521003 0.478333 0.393228 0.429234 0.423012 0.414792 0.438412 0.468743 0.423597 0.454226 0.365477 0.442081 0.391196 0.402692 0.434094 0.418815 0.685487 0.723236 0.711371 0.660695 0.680696 0.290616 0.100200
893.000000 0.450100 0.487115 0.463307 0.473181 0.476852 0.529019 0.443440 0.464906 0.435337 0.451109 0.442481 0.446826 0.521052 0.478329 0.393438 0.429322 0.423037 0.414973 0.438354 0.468787 0.423419 0.454175 0.365638 0.442149 0.391164 0.402908 0.434159 0.418938 0.687068 0.724926 0.711578 0.661967 0.680852 0.291158 0.100100
896.000000 0.450125 0.487323 0.463278 0.473313 0.476749 0.529029 0.443287 0.465057 0.435473 0.451152 0.442517 0.446853 0.521072 0.478442 0.393511 0.429516 0.423103 0.415151 0.438220 0.468753 0.423183 0.454240 0.365567 0.442218 0.391226 0.402975 0.434265 0.419072 0.688424 0.724519 0.711532 0.662783 0.680219 0.291416 0.100100
899.000000 0.450133 0.487395 0.463308 0.473311 0.476758 0.529037 0.443349 0.465106 0.435606 0.451180 0.442639 0.446895 0.521112 0.478652 0.393626 0.429755 0.423306 0.415040 0.438282 0.468791 0.423150 0.454275 0.365571 0.442274 0.391381 0.402962 0.434354 0.419145 0.690219 0.724651 0.711898 0.664309 0.679963 0.291790 0.100000
902.000000 0.450118 0.487175 0.463457 0.473467 0.476877 0.528865 0.443471 0.465032 0.435496 0.451196 0.442830 0.446783 0.521043 0.478795 0.393607 0.429743 0.423380 0.415094 0.438413 0.468633 0.423258 0.454217 0.365470 0.442311 0.391553 0.402905 0.434455 0.419141 0.691845 0.726231 0.712903 0.665340 0.680402 0.291963 0.100000
905.000000 0.450276 0.487238 0.463595 0.473536 0.476908 0.528613 0.443532 0.465032 0.435647 0.451200 0.443029 0.446774 0.520884 0.478922 0.393604 0.429703 0.423485 0.415289 0.438474 0.468556 0.423320 0.454279 0.365559 0.442327 0.391727 0.402967 0.434358 0.419183 0.692451 0.725241 0.711429 0.665484 0.678982 0.292772 0.100000
908.000000 0.450342 0.487357 0.463512 0.473743 0.476955 0.528655 0.443466 0.465114 0.435792 0.451210 0.443079 0.446789 0.520768 0.479128 0.393502 0.429734 0.423392 0.415501 0.438397 0.468685 0.423401 0.454198 0.365624 0.442355 0.391579 0.402972 0.434336 0.419350 0.693690 0.725735 0.712323 0.666450 0.678814 0.293127 0.100000
911.000000 0.450561 0.487653 0.463387 0.473843 0.476949 0.528784 0.443401 0.465260 0.435920 0.451215 0.442875 0.446807 0.520961 0.479282 0.393706 0.429893 0.423283 0.415678 0.438389 0.468920 0.423325 0.454190 0.365666 0.442380 0.391263 0.402807 0.434453 0.419548 0.695048 0.725494 0.711761 0.667295 0.677890 0.293899 0.100000
914.000000 0.450506 0.487652 0.463413 0.474040 0.476991 0.528871 0.443510 0.465364 0.435897 0.451195 0.442732 0.446752 0.521122 0.479278 0.393619 0.429882 0.423129 0.415586 0.438354 0.469072 0.423378 0.454169 0.365459 0.442393 0.391227 0.402817 0.434652 0.419783 0.697062 0.726580 0.712226 0.668304 0.677231 0.294421 0.100000
917.000000 0.450561 0.487762 0.463487 0.474201 0.477100 0.528993 0.443604 0.465339 0.435900 0.451136 0.442745 0.446762 0.521357 0.479182 0.393688 0.429862 0.423028 0.415439 0.438474 0.469195 0.423360 0.454245 0.365262 0.442390 0.391308 0.402769 0.434747 0.419538 0.697881 0.726873 0.712774 0.668913 0.676602 0.294817 0.100000
920.000000 0.450520 0.487846 0.463413 0.474023 0.477129 0.529145 0.443663 0.465364 0.435888 0.451028 0.442846 0.446715 0.521447 0.478997 0.393483 0.429833 0.422972 0.415159 0.438517 0.469141 0.423351 0.454288 0.365248 0.442348 0.391242 0.402678 0.434782 0.419268 0.699134 0.726845 0.712225 0.669972 0.677097 0.295096 0.100000
924.000000 0.450391 0.487627 0.463192 0.473621 0.477179 0.529069 0.443477 0.465345 0.435535 0.450778 0.442749 0.446478 0.521428 0.478823 0.393316 0.429530 0.422904 0.414801 0.438589 0.469133 0.423201 0.454066 0.365214 0.442195 0.390836 0.402305 0.434539 0.418853 0.700484 0.726997 0.712752 0.670613 0.676442 0.295491 0.100000
927.000000 0.450207 0.487336 0.463043 0.473468 0.476930 0.528748 0.443251 0.464975 0.435393 0.450475 0.442498 0.446087 0.521069 0.478886 0.393105 0.429484 0.422674 0.414622 0.438385 0.468882 0.422929 0.453577 0.365073 0.442009 0.390795 0.402059 0.434209 0.418804 0.701827 0.728082 0.712386 0.672025 0.676127 0.296335 0.100000
930.000000 0.450091 0.487158 0.462936 0.473392 0.476644 0.528539 0.442941 0.464558 0.435535 0.450095 0.442103 0.445789 0.520815 0.478960 0.393073 0.429447 0.422408 0.414605 0.438152 0.468672 0.422603 0.453192 0.365187 0.441768 0.390472 0.401900 0.433951 0.418810 0.703239 0.728251 0.713031 0.673055 0.676857 0.296377 0.100000
933.000000 0.450102 0.487138 0.462554 0.473123 0.476232 0.528303 0.442560 0.464274 0.435512 0.449614 0.441663 0.445496 0.520627 0.478893 0.393082 0.429401 0.421974 0.414637 0.437781 0.468521 0.422172 0.452904 0.365198 0.441457 0.390155 0.401707 0.433675 0.418958 0.704054 0.728082 0.712766 0.672932 0.676033 0.295216 0.100000
936.000000 0.449935 0.486836 0.462048 0.472886 0.476040 0.528205 0.442285 0.464072 0.435247 0.449038 0.441302 0.445282 0.520207 0.478638 0.392827 0.429191 0.421414 0.414620 0.437615 0.468509 0.421990 0.452846 0.365324 0.441080 0.389746 0.401465 0.433495 0.418993 0.705607 0.729229 0.714598 0.674454 0.677009 0.295998 0.100000
939.000000 0.449948 0.486513 0.461828 0.472587 0.475914 0.527621 0.442059 0.464057 0.434797 0.448344 0.441050 0.445118 0.519785 0.478478 0.392827 0.428858 0.421203 0.414393 0.437486 0.468122 0.421766 0.452665 0.365257 0.440605 0.389522 0.401275 0.433406 0.418960 0.706772 0.728962 0.714580 0.675213 0.676137 0.296887 0.100000
942.000000 0.449744 0.486138 0.461582 0.471863 0.475676 0.527081 0.441702 0.463918 0.434643 0.447522 0.440794 0.444677 0.519320 0.478091 0.392794 0.428572 0.421023 0.413836 0.437233 0.467705 0.421517 0.452253 0.365207 0.440047 0.389393 0.401124 0.433350 0.418782 0.708358 0.729346 0.713512 0.675482 0.676085 0.297126 0.100000
945.000000 0.449264 0.485468 0.461120 0.470988 0.475125 0.525994 0.441074 0.463256 0.434317 0.446527 0.440505 0.444178 0.518788 0.477859 0.393034 0.428408 0.420868 0.413324 0.436768 0.467007 0.420997 0.451742 0.364826 0.439343 0.389313 0.400838 0.433011 0.418778 0.708385 0.729092 0.713599 0.675542 0.675424 0.297368 0.100000
948.000000 0.448707 0.484568 0.460454 0.470122 0.474438 0.525028 0.440418 0.462128 0.434305 0.445248 0.440015 0.443542 0.517838 0.477743 0.392730 0.428248 0.420557 0.412737 0.436214 0.466522 0.420542 0.451043 0.364560 0.438424 0.389149 0.400657 0.432349 0.418401 0.709894 0.729432 0.715010 0.677357 0.675513 0.297863 0.100000
951.000000 0.448342 0.483953 0.459951 0.469492 0.473622 0.523807 0.439639 0.461477 0.434099 0.443648 0.439223 0.443051 0.516569 0.477609 0.392223 0.427854 0.420297 0.412278 0.435683 0.465816 0.419850 0.450558 0.364178 0.437254 0.388537 0.400264 0.431696 0.417941 0.711037 0.730524 0.715736 0.677837 0.676611 0.298806 0.100000
954.000000 0.448105 0.483414 0.459348 0.468856 0.472848 0.522609 0.438793 0.460876 0.433548 0.441851 0.438433 0.442498 0.515153 0.477118 0.391791 0.427166 0.419698 0.411592 0.435302 0.465491 0.419143 0.449760 0.363706 0.435930 0.387632 0.399653 0.431008 0.417556 0.712010 0.729536 0.714977 0.678186 0.676177 0.299810 0.100100
957.000000 0.448057 0.483129 0.458872 0.468152 0.472073 0.521381 0.437697 0.460223 0.432938 0.440081 0.437848 0.441814 0.514272 0.476513 0.391626 0.426566 0.418872 0.411038 0.434719 0.465020 0.418335 0.449222 0.363107 0.434647 0.387108 0.398727 0.430613 0.417349 0.712871 0.729979 0.714822 0.678734 0.675813 0.299427 0.100100
960.000000 0.447734 0.482693 0.457995 0.467525 0.471411 0.520787 0.436889 0.459315 0.432634 0.438616 0.437105 0.441427 0.513786 0.476100 0.391408 0.426105 0.418159 0.410448 0.433899 0.464744 0.417720 0.448601 0.363049 0.433571 0.386585 0.398157 0.430176 0.417089 0.714765 0.730576 0.714106 0.679871 0.675031 0.299593 0.100100
963.000000 0.447650 0.482205 0.457583 0.466979 0.470906 0.520059 0.436349 0.458484 0.432472 0.437536 0.436595 0.440840 0.513673 0.475947 0.391337 0.426135 0.417888 0.409942 0.433393 0.463804 0.417358 0.448190 0.362916 0.432768 0.386355 0.397794 0.429863 0.416968 0.715193 0.730588 0.713352 0.680395 0.674275 0.299905 0.100100
967.000000 0.447250 0.481371 0.457382 0.466668 0.470653 0.519740 0.436091 0.457757 0.431852 0.436643 0.436260 0.440303 0.513487 0.475679 0.390986 0.425737 0.417712 0.409207 0.433264 0.463029 0.417060 0.447454 0.362483 0.432113 0.385722 0.397655 0.429665 0.416585 0.715845 0.729059 0.712904 0.680670 0.672506 0.301330 0.100200
970.000000 0.447076 0.480992 0.457641 0.466166 0.470473 0.519377 0.435820 0.457482 0.431574 0.436243 0.436324 0.439899 0.513207 0.475307 0.390744 0.425242 0.417483 0.408652 0.433064 0.462941 0.416854 0.446945 0.361787 0.431850 0.385629 0.397278 0.429258 0.416228 0.715595 0.728981 0.711451 0.680414 0.670168 0.301214 0.100200
973.000000 0.446722 0.480749 0.457307 0.465416 0.470255 0.519414 0.435586 0.457424 0.431002 0.436001 0.435768 0.439364 0.512626 0.474504 0.390137 0.424613 0.416937 0.407994 0.432819 0.463202 0.416497 0.446613 0.361415 0.431700 0.385127 0.396847 0.428609 0.415295 0.719058 0.729919 0.712971 0.681286 0.670308 0.301672 0.100300
976.000000 0.446608 0.480431 0.456855 0.464904 0.470001 0.518918 0.435484 0.457078 0.430811 0.435893 0.435065 0.439243 0.512173 0.474271 0.389832 0.424290 0.416595 0.407701 0.432735 0.463100 0.416295 0.446373 0.360945 0.431637 0.384518 0.396196 0.428140 0.414887 0.718301 0.729079 0.711293 0.681854 0.669813 0.300890 0.100300
979.000000 0.446210 0.480517 0.456308 0.464586 0.469782 0.518540 0.435165 0.456735 0.430717 0.435920 0.434751 0.439266 0.512150 0.474262 0.389474 0.424063 0.416284 0.407237 0.432317 0.462601 0.415959 0.446339 0.360788 0.431689 0.384157 0.396101 0.428237 0.414920 0.719673 0.728908 0.709783 0.681438 0.667929 0.303133 0.100300
982.000000 0.446097 0.480201 0.455689 0.464884 0.469556 0.518355 0.434778 0.456592 0.430588 0.436114 0.434705 0.439245 0.512232 0.474377 0.389462 0.423732 0.415982 0.407223 0.432001 0.462267 0.415641 0.446085 0.360746 0.431857 0.383934 0.395962 0.428406 0.415337 0.720372 0.728090 0.709865 0.682180 0.666588 0.303340 0.100300
985.000000 0.446184 0.480175 0.455583 0.465398 0.469664 0.518337 0.434895 0.456771 0.430388 0.436437 0.434592 0.438759 0.512324 0.474775 0.389654 0.424062 0.415753 0.407660 0.432207 0.461993 0.415740 0.445851 0.360872 0.432141 0.383678 0.396049 0.428185 0.416206 0.721749 0.728151 0.709521 0.683271 0.665482 0.304545 0.100400
988.000000 0.446294 0.480426 0.455390 0.465481 0.469939 0.518546 0.435144 0.457050 0.430624 0.436916 0.434371 0.438667 0.511879 0.474863 0.389623 0.424736 0.415677 0.407831 0.432530 0.462278 0.416011 0.445718 0.361037 0.432548 0.383405 0.395917 0.427684 0.416286 0.723263 0.728728 0.709300 0.684341 0.665179 0.305665 0.100400
991.000000 0.446007 0.480749 0.455733 0.465831 0.470132 0.519078 0.435353 0.457336 0.431271 0.437492 0.434588 0.438955 0.511884 0.475193 0.389516 0.425258 0.415592 0.407994 0.432414 0.462507 0.416138 0.446023 0.361310 0.433004 0.383712 0.396040 0.427947 0.415928 0.725091 0.729714 0.710101 0.686433 0.664612 0.307211 0.100400
994.000000 0.445941 0.481448 0.455685 0.466395 0.470109 0.519623 0.435360 0.457459 0.431374 0.438013 0.434764 0.439101 0.511868 0.474847 0.389504 0.425351 0.415463 0.408477 0.432408 0.462932 0.416226 0.446277 0.361272 0.433406 0.384035 0.395987 0.428176 0.415250 0.726966 0.730119 0.711036 0.687764 0.664353 0.308747 0.100400
997.000000 0.446533 0.481661 0.456465 0.466781 0.470445 0.520465 0.435684 0.458080 0.431398 0.438868 0.435105 0.439392 0.512166 0.475495 0.389931 0.425167 0.416335 0.409211 0.432956 0.463732 0.416334 0.447150 0.361421 0.434082 0.383922 0.396607 0.428452 0.415732 0.728280 0.730634 0.711880 0.688846 0.664559 0.309451 0.100500
1000.000000 0.447644 0.482151 0.456528 0.466501 0.470891 0.520564 0.436324 0.459799 0.432203 0.440486 0.435608 0.440716 0.512345 0.476876 0.390348 0.426268 0.417860 0.408805 0.433162 0.463607 0.416742 0.448523 0.362038 0.435432 0.383838 0.398122 0.428570 0.417347 0.729112 0.730931 0.712139 0.689361 0.664614 0.309891 0.100500
1004.000000 0.448334 0.482695 0.456824 0.466422 0.471334 0.521214 0.436855 0.460963 0.432925 0.441973 0.435797 0.441514 0.513082 0.477691 0.391115 0.426664 0.418667 0.408876 0.433434 0.464173 0.417238 0.449696 0.362673 0.436647 0.383747 0.398876 0.429410 0.418027 0.730229 0.731448 0.712480 0.690082 0.664649 0.310496 0.100500
